{
    "track_area": [[0.19140625, 0.5597222222222222], [0.20546875, 0.5930555555555556], [0.22734375, 0.5569444444444445], [0.25078125, 0.5291666666666667], [0.28125, 0.49583333333333335], [0.3046875, 0.475], [0.34765625, 0.44166666666666665], [0.40390625, 0.40555555555555556], [0.4171875, 0.39861111111111114], [0.5078125, 0.35694444444444445], [0.57890625, 0.33055555555555555], [0.659375, 0.30833333333333335], [0.69765625, 0.30833333333333335], [0.715625, 0.3236111111111111], [0.725, 0.3388888888888889], [0.76640625, 0.37916666666666665], [0.79765625, 0.3194444444444444], [0.72578125, 0.26805555555555555], [0.67890625, 0.25416666666666665], [0.65703125, 0.2652777777777778], [0.61875, 0.26944444444444443], [0.58984375, 0.275], [0.55703125, 0.28055555555555556], [0.52421875, 0.2875], [0.48984375, 0.30277777777777776], [0.45703125, 0.31666666666666665], [0.378125, 0.3541666666666667], [0.36171875, 0.3638888888888889], [0.30703125, 0.4041666666666667], [0.28671875, 0.4222222222222222], [0.27265625, 0.43472222222222223], [0.20390625, 0.5291666666666667], [0.19140625, 0.5569444444444445]],
    "order_point_1": [[0.40625, 0.3736111111111111]],
    "order_area_1": [
        [0.36640625, 0.3611111111111111],
        [0.36640625, 0.3625],
        [0.38046875, 0.4222222222222222],
        [0.41171875, 0.4041666666666667],
        [0.44921875, 0.38472222222222224],
        [0.43203125, 0.3277777777777778],
        [0.36640625, 0.3638888888888889]
      ],
    "order_point_2": [[0.221875, 0.525]],
    "order_area_2": [
        [0.19453125, 0.5541666666666667],
        [0.21171875, 0.5888888888888889],
        [0.23515625, 0.5541666666666667],
        [0.2625, 0.5152777777777777],
        [0.23984375, 0.4722222222222222],
        [0.2125, 0.5111111111111111],
        [0.1921875, 0.5513888888888889]
    ],
    "cross_line": [[0.6171875, 0.2611111111111111], [0.640625, 0.31527777777777777]]
}