{
    "track_area": [[0.16796875, 0.6722222222222223], [0.18515625, 0.6319444444444444], [0.2046875, 0.5944444444444444], [0.22734375, 0.5555555555555556], [0.2359375, 0.5444444444444444], [0.25234375, 0.5222222222222223], [0.27578125, 0.49583333333333335], [0.290625, 0.48194444444444445], [0.34375, 0.4361111111111111], [0.4015625, 0.40555555555555556], [0.42421875, 0.39166666666666666], [0.57890625, 0.3277777777777778], [0.63203125, 0.3125], [0.66328125, 0.3055555555555556], [0.675, 0.3055555555555556], [0.6953125, 0.30833333333333335], [0.71484375, 0.32083333333333336], [0.7109375, 0.2791666666666667], [0.7078125, 0.2722222222222222], [0.703125, 0.26666666666666666], [0.68046875, 0.2652777777777778], [0.634375, 0.26805555555555555], [0.60078125, 0.275], [0.56328125, 0.2833333333333333], [0.51875, 0.29583333333333334], [0.4625, 0.31666666666666665], [0.39375, 0.35], [0.3640625, 0.36527777777777776], [0.32109375, 0.3958333333333333], [0.29609375, 0.41805555555555557], [0.25390625, 0.4625], [0.22890625, 0.49583333333333335], [0.2125, 0.5222222222222223], [0.20078125, 0.5444444444444444], [0.190625, 0.5611111111111111], [0.1578125, 0.6305555555555555], [0.14375, 0.6736111111111112], [0.12578125, 0.7291666666666666], [0.16796875, 0.675]],
    "order_point": [0.40625, 0.3736111111111111],
    "order_area": [[0.45234375, 0.31527777777777777], [0.45390625, 0.31527777777777777], [0.47109375, 0.3736111111111111], [0.36796875, 0.4222222222222222], [0.35390625, 0.35833333333333334], [0.45234375, 0.31527777777777777]],
    "cross_line": [[0.6171875, 0.2611111111111111], [0.640625, 0.31527777777777777]]
}